<?xml version="1.0" encoding="UTF-8"?>
<export version="E">
  <design>
    <source>C:\Users\Aarni\Documents\New folder\Electronics CAD\mainboard.kicad_sch</source>
    <date>2024-04-15T13:29:03+0300</date>
    <tool>Eeschema 8.0.1</tool>
    <sheet number="1" name="/" tstamps="/">
      <title_block>
        <title/>
        <company/>
        <rev/>
        <date/>
        <source>mainboard.kicad_sch</source>
        <comment number="1" value=""/>
        <comment number="2" value=""/>
        <comment number="3" value=""/>
        <comment number="4" value=""/>
        <comment number="5" value=""/>
        <comment number="6" value=""/>
        <comment number="7" value=""/>
        <comment number="8" value=""/>
        <comment number="9" value=""/>
      </title_block>
    </sheet>
  </design>
  <components>
    <comp ref="C1">
      <value>100uF</value>
      <footprint>Capacitor_THT:CP_Radial_D6.3mm_P2.50mm</footprint>
      <description>25V</description>
      <fields>
        <field name="Footprint">Capacitor_THT:CP_Radial_D6.3mm_P2.50mm</field>
        <field name="Datasheet"/>
        <field name="Description">25V</field>
      </fields>
      <libsource lib="mainboard-rescue" part="CP-Device" description=""/>
      <property name="Sheetname" value="Root"/>
      <property name="Sheetfile" value="C:/Users/Aarni/Documents/New folder/Electronics CAD/mainboard.sch"/>
      <property name="ki_fp_filters" value="CP_*"/>
      <sheetpath names="/" tstamps="/"/>
      <tstamps>00000000-0000-0000-0000-00005e94492c</tstamps>
    </comp>
    <comp ref="C2">
      <value>100uF</value>
      <footprint>Capacitor_THT:CP_Radial_D6.3mm_P2.50mm</footprint>
      <description>25V</description>
      <fields>
        <field name="Footprint">Capacitor_THT:CP_Radial_D6.3mm_P2.50mm</field>
        <field name="Datasheet"/>
        <field name="Description">25V</field>
      </fields>
      <libsource lib="mainboard-rescue" part="CP-Device" description=""/>
      <property name="Sheetname" value="Root"/>
      <property name="Sheetfile" value="C:/Users/Aarni/Documents/New folder/Electronics CAD/mainboard.sch"/>
      <property name="ki_fp_filters" value="CP_*"/>
      <sheetpath names="/" tstamps="/"/>
      <tstamps>00000000-0000-0000-0000-00005e9449f8</tstamps>
    </comp>
    <comp ref="D1">
      <value>LED</value>
      <footprint>LED_SMD:LED_0805_2012Metric</footprint>
      <fields>
        <field name="Footprint">LED_SMD:LED_0805_2012Metric</field>
        <field name="Datasheet"/>
        <field name="Description"/>
      </fields>
      <libsource lib="Device" part="LED" description="Light emitting diode"/>
      <property name="Sheetname" value="Root"/>
      <property name="Sheetfile" value="C:/Users/Aarni/Documents/New folder/Electronics CAD/mainboard.sch"/>
      <property name="ki_keywords" value="LED diode"/>
      <property name="ki_fp_filters" value="LED* LED_SMD:* LED_THT:*"/>
      <sheetpath names="/" tstamps="/"/>
      <tstamps>00000000-0000-0000-0000-00005e94436c</tstamps>
    </comp>
    <comp ref="D2">
      <value>LED</value>
      <footprint>LED_SMD:LED_0805_2012Metric</footprint>
      <fields>
        <field name="Footprint">LED_SMD:LED_0805_2012Metric</field>
        <field name="Datasheet"/>
        <field name="Description"/>
      </fields>
      <libsource lib="Device" part="LED" description="Light emitting diode"/>
      <property name="Sheetname" value="Root"/>
      <property name="Sheetfile" value="C:/Users/Aarni/Documents/New folder/Electronics CAD/mainboard.sch"/>
      <property name="ki_keywords" value="LED diode"/>
      <property name="ki_fp_filters" value="LED* LED_SMD:* LED_THT:*"/>
      <sheetpath names="/" tstamps="/"/>
      <tstamps>00000000-0000-0000-0000-00005e94432d</tstamps>
    </comp>
    <comp ref="D3">
      <value>LED</value>
      <footprint>LED_SMD:LED_0805_2012Metric</footprint>
      <fields>
        <field name="Footprint">LED_SMD:LED_0805_2012Metric</field>
        <field name="Datasheet"/>
        <field name="Description"/>
      </fields>
      <libsource lib="Device" part="LED" description="Light emitting diode"/>
      <property name="Sheetname" value="Root"/>
      <property name="Sheetfile" value="C:/Users/Aarni/Documents/New folder/Electronics CAD/mainboard.sch"/>
      <property name="ki_keywords" value="LED diode"/>
      <property name="ki_fp_filters" value="LED* LED_SMD:* LED_THT:*"/>
      <sheetpath names="/" tstamps="/"/>
      <tstamps>00000000-0000-0000-0000-00005e9442f9</tstamps>
    </comp>
    <comp ref="D4">
      <value>LED</value>
      <footprint>LED_SMD:LED_0805_2012Metric</footprint>
      <fields>
        <field name="Footprint">LED_SMD:LED_0805_2012Metric</field>
        <field name="Datasheet"/>
        <field name="Description"/>
      </fields>
      <libsource lib="Device" part="LED" description="Light emitting diode"/>
      <property name="Sheetname" value="Root"/>
      <property name="Sheetfile" value="C:/Users/Aarni/Documents/New folder/Electronics CAD/mainboard.sch"/>
      <property name="ki_keywords" value="LED diode"/>
      <property name="ki_fp_filters" value="LED* LED_SMD:* LED_THT:*"/>
      <sheetpath names="/" tstamps="/"/>
      <tstamps>00000000-0000-0000-0000-00005e94422f</tstamps>
    </comp>
    <comp ref="F1">
      <value>b0250 2.5A</value>
      <footprint>Fuse:Fuse_2920_7451Metric</footprint>
      <fields>
        <field name="Footprint">Fuse:Fuse_2920_7451Metric</field>
        <field name="Datasheet"/>
        <field name="Description"/>
      </fields>
      <libsource lib="Device" part="Fuse" description="Fuse"/>
      <property name="Sheetname" value="Root"/>
      <property name="Sheetfile" value="C:/Users/Aarni/Documents/New folder/Electronics CAD/mainboard.sch"/>
      <property name="ki_keywords" value="fuse"/>
      <property name="ki_fp_filters" value="*Fuse*"/>
      <sheetpath names="/" tstamps="/"/>
      <tstamps>00000000-0000-0000-0000-00005ef933f9</tstamps>
    </comp>
    <comp ref="J1">
      <value>Conn_01x03</value>
      <footprint>Connector_JST:JST_XH_S03B-XH-A_1x03_P2.50mm_Horizontal</footprint>
      <datasheet>https://www.tme.eu/en/details/s3b-xh-a-1/raster-signal-connectors-2-50mm/jst/s3b-xh-a-1-lf-sn/</datasheet>
      <fields>
        <field name="Footprint">Connector_JST:JST_XH_S03B-XH-A_1x03_P2.50mm_Horizontal</field>
        <field name="Datasheet">https://www.tme.eu/en/details/s3b-xh-a-1/raster-signal-connectors-2-50mm/jst/s3b-xh-a-1-lf-sn/</field>
        <field name="Description"/>
      </fields>
      <libsource lib="Connector_Generic" part="Conn_01x03" description="Generic connector, single row, 01x03, script generated (kicad-library-utils/schlib/autogen/connector/)"/>
      <property name="Sheetname" value="Root"/>
      <property name="Sheetfile" value="C:/Users/Aarni/Documents/New folder/Electronics CAD/mainboard.sch"/>
      <property name="ki_keywords" value="connector"/>
      <property name="ki_fp_filters" value="Connector*:*_1x??_*"/>
      <sheetpath names="/" tstamps="/"/>
      <tstamps>00000000-0000-0000-0000-00005e945013</tstamps>
    </comp>
    <comp ref="J2">
      <value>Conn_01x02</value>
      <footprint>Connector_JST:JST_PH_S2B-PH-SM4-TB_1x02-1MP_P2.00mm_Horizontal</footprint>
      <datasheet>https://www.tme.eu/en/details/s2b-xh-a-1/raster-signal-connectors-2-50mm/jst/s2b-xh-a-1-lf-sn/</datasheet>
      <fields>
        <field name="Footprint">Connector_JST:JST_PH_S2B-PH-SM4-TB_1x02-1MP_P2.00mm_Horizontal</field>
        <field name="Datasheet">https://www.tme.eu/en/details/s2b-xh-a-1/raster-signal-connectors-2-50mm/jst/s2b-xh-a-1-lf-sn/</field>
        <field name="Description"/>
      </fields>
      <libsource lib="Connector_Generic" part="Conn_01x02" description="Generic connector, single row, 01x02, script generated (kicad-library-utils/schlib/autogen/connector/)"/>
      <property name="Sheetname" value="Root"/>
      <property name="Sheetfile" value="C:/Users/Aarni/Documents/New folder/Electronics CAD/mainboard.sch"/>
      <property name="ki_keywords" value="connector"/>
      <property name="ki_fp_filters" value="Connector*:*_1x??_*"/>
      <sheetpath names="/" tstamps="/"/>
      <tstamps>00000000-0000-0000-0000-00005e9450bc</tstamps>
    </comp>
    <comp ref="J3">
      <value>Conn_01x02</value>
      <footprint>Connector_JST:JST_PH_S2B-PH-SM4-TB_1x02-1MP_P2.00mm_Horizontal</footprint>
      <datasheet>https://www.tme.eu/en/details/s2b-xh-a-1/raster-signal-connectors-2-50mm/jst/s2b-xh-a-1-lf-sn/</datasheet>
      <fields>
        <field name="Footprint">Connector_JST:JST_PH_S2B-PH-SM4-TB_1x02-1MP_P2.00mm_Horizontal</field>
        <field name="Datasheet">https://www.tme.eu/en/details/s2b-xh-a-1/raster-signal-connectors-2-50mm/jst/s2b-xh-a-1-lf-sn/</field>
        <field name="Description"/>
      </fields>
      <libsource lib="Connector_Generic" part="Conn_01x02" description="Generic connector, single row, 01x02, script generated (kicad-library-utils/schlib/autogen/connector/)"/>
      <property name="Sheetname" value="Root"/>
      <property name="Sheetfile" value="C:/Users/Aarni/Documents/New folder/Electronics CAD/mainboard.sch"/>
      <property name="ki_keywords" value="connector"/>
      <property name="ki_fp_filters" value="Connector*:*_1x??_*"/>
      <sheetpath names="/" tstamps="/"/>
      <tstamps>00000000-0000-0000-0000-00005e945110</tstamps>
    </comp>
    <comp ref="J4">
      <value>Conn_01x19_Socket</value>
      <footprint>Connector_PinSocket_2.54mm:PinSocket_1x19_P2.54mm_Vertical</footprint>
      <description>Generic connector, single row, 01x19, script generated</description>
      <fields>
        <field name="Footprint">Connector_PinSocket_2.54mm:PinSocket_1x19_P2.54mm_Vertical</field>
        <field name="Datasheet"/>
        <field name="Description">Generic connector, single row, 01x19, script generated</field>
      </fields>
      <libsource lib="Connector" part="Conn_01x19_Socket" description="Generic connector, single row, 01x19, script generated"/>
      <property name="Sheetname" value="Root"/>
      <property name="Sheetfile" value="C:/Users/Aarni/Documents/New folder/Electronics CAD/mainboard.sch"/>
      <property name="ki_keywords" value="connector"/>
      <property name="ki_fp_filters" value="Connector*:*_1x??_*"/>
      <sheetpath names="/" tstamps="/"/>
      <tstamps>7965797a-b441-48f3-975c-4a9f2e852d97</tstamps>
    </comp>
    <comp ref="J5">
      <value>Conn_01x19_Socket</value>
      <footprint>Connector_PinSocket_2.54mm:PinSocket_1x19_P2.54mm_Vertical</footprint>
      <description>Generic connector, single row, 01x19, script generated</description>
      <fields>
        <field name="Footprint">Connector_PinSocket_2.54mm:PinSocket_1x19_P2.54mm_Vertical</field>
        <field name="Datasheet"/>
        <field name="Description">Generic connector, single row, 01x19, script generated</field>
      </fields>
      <libsource lib="Connector" part="Conn_01x19_Socket" description="Generic connector, single row, 01x19, script generated"/>
      <property name="Sheetname" value="Root"/>
      <property name="Sheetfile" value="C:/Users/Aarni/Documents/New folder/Electronics CAD/mainboard.sch"/>
      <property name="ki_keywords" value="connector"/>
      <property name="ki_fp_filters" value="Connector*:*_1x??_*"/>
      <sheetpath names="/" tstamps="/"/>
      <tstamps>dc34fdb1-681f-40e6-a04d-8533ce8a4575</tstamps>
    </comp>
    <comp ref="R1">
      <value>330 ohm</value>
      <footprint>Resistor_SMD:R_0805_2012Metric</footprint>
      <fields>
        <field name="Footprint">Resistor_SMD:R_0805_2012Metric</field>
        <field name="Datasheet"/>
        <field name="Description"/>
      </fields>
      <libsource lib="Device" part="R" description="Resistor"/>
      <property name="Sheetname" value="Root"/>
      <property name="Sheetfile" value="C:/Users/Aarni/Documents/New folder/Electronics CAD/mainboard.sch"/>
      <property name="ki_keywords" value="R res resistor"/>
      <property name="ki_fp_filters" value="R_*"/>
      <sheetpath names="/" tstamps="/"/>
      <tstamps>00000000-0000-0000-0000-00005e947260</tstamps>
    </comp>
    <comp ref="R2">
      <value>330 ohm</value>
      <footprint>Resistor_SMD:R_0805_2012Metric</footprint>
      <fields>
        <field name="Footprint">Resistor_SMD:R_0805_2012Metric</field>
        <field name="Datasheet"/>
        <field name="Description"/>
      </fields>
      <libsource lib="Device" part="R" description="Resistor"/>
      <property name="Sheetname" value="Root"/>
      <property name="Sheetfile" value="C:/Users/Aarni/Documents/New folder/Electronics CAD/mainboard.sch"/>
      <property name="ki_keywords" value="R res resistor"/>
      <property name="ki_fp_filters" value="R_*"/>
      <sheetpath names="/" tstamps="/"/>
      <tstamps>00000000-0000-0000-0000-00005e94733d</tstamps>
    </comp>
    <comp ref="R3">
      <value>330 ohm</value>
      <footprint>Resistor_SMD:R_0805_2012Metric</footprint>
      <fields>
        <field name="Footprint">Resistor_SMD:R_0805_2012Metric</field>
        <field name="Datasheet"/>
        <field name="Description"/>
      </fields>
      <libsource lib="Device" part="R" description="Resistor"/>
      <property name="Sheetname" value="Root"/>
      <property name="Sheetfile" value="C:/Users/Aarni/Documents/New folder/Electronics CAD/mainboard.sch"/>
      <property name="ki_keywords" value="R res resistor"/>
      <property name="ki_fp_filters" value="R_*"/>
      <sheetpath names="/" tstamps="/"/>
      <tstamps>00000000-0000-0000-0000-00005e9473b4</tstamps>
    </comp>
    <comp ref="R4">
      <value>330 ohm</value>
      <footprint>Resistor_SMD:R_0805_2012Metric</footprint>
      <fields>
        <field name="Footprint">Resistor_SMD:R_0805_2012Metric</field>
        <field name="Datasheet"/>
        <field name="Description"/>
      </fields>
      <libsource lib="Device" part="R" description="Resistor"/>
      <property name="Sheetname" value="Root"/>
      <property name="Sheetfile" value="C:/Users/Aarni/Documents/New folder/Electronics CAD/mainboard.sch"/>
      <property name="ki_keywords" value="R res resistor"/>
      <property name="ki_fp_filters" value="R_*"/>
      <sheetpath names="/" tstamps="/"/>
      <tstamps>00000000-0000-0000-0000-00005e947421</tstamps>
    </comp>
    <comp ref="R5">
      <value>2.2k</value>
      <footprint>Resistor_SMD:R_0805_2012Metric</footprint>
      <fields>
        <field name="Footprint">Resistor_SMD:R_0805_2012Metric</field>
        <field name="Datasheet"/>
        <field name="Description"/>
      </fields>
      <libsource lib="Device" part="R" description="Resistor"/>
      <property name="Sheetname" value="Root"/>
      <property name="Sheetfile" value="C:/Users/Aarni/Documents/New folder/Electronics CAD/mainboard.sch"/>
      <property name="ki_keywords" value="R res resistor"/>
      <property name="ki_fp_filters" value="R_*"/>
      <sheetpath names="/" tstamps="/"/>
      <tstamps>00000000-0000-0000-0000-00005eaba022</tstamps>
    </comp>
    <comp ref="R6">
      <value>1k</value>
      <footprint>Resistor_SMD:R_0805_2012Metric</footprint>
      <fields>
        <field name="Footprint">Resistor_SMD:R_0805_2012Metric</field>
        <field name="Datasheet"/>
        <field name="Description"/>
      </fields>
      <libsource lib="Device" part="R" description="Resistor"/>
      <property name="Sheetname" value="Root"/>
      <property name="Sheetfile" value="C:/Users/Aarni/Documents/New folder/Electronics CAD/mainboard.sch"/>
      <property name="ki_keywords" value="R res resistor"/>
      <property name="ki_fp_filters" value="R_*"/>
      <sheetpath names="/" tstamps="/"/>
      <tstamps>00000000-0000-0000-0000-00005eaba0ab</tstamps>
    </comp>
    <comp ref="SW1">
      <value>SW_DPDT_x2</value>
      <footprint>Button_Switch_THT:SW_CuK_OS102011MA1QN1_SPDT_Angled</footprint>
      <fields>
        <field name="Footprint">Button_Switch_THT:SW_CuK_OS102011MA1QN1_SPDT_Angled</field>
        <field name="Datasheet"/>
        <field name="Description"/>
      </fields>
      <libsource lib="Switch" part="SW_DPDT_x2" description="Switch, dual pole double throw, separate symbols"/>
      <property name="Sheetname" value="Root"/>
      <property name="Sheetfile" value="C:/Users/Aarni/Documents/New folder/Electronics CAD/mainboard.sch"/>
      <property name="ki_keywords" value="switch dual-pole double-throw DPDT spdt ON-ON"/>
      <property name="ki_fp_filters" value="SW*DPDT*"/>
      <sheetpath names="/" tstamps="/"/>
      <tstamps>00000000-0000-0000-0000-00005e944e5b</tstamps>
    </comp>
    <comp ref="U1">
      <value>L7805</value>
      <footprint>Package_TO_SOT_SMD:TO-263-2</footprint>
      <datasheet>http://www.st.com/content/ccc/resource/technical/document/datasheet/41/4f/b3/b0/12/d4/47/88/CD00000444.pdf/files/CD00000444.pdf/jcr:content/translations/en.CD00000444.pdf</datasheet>
      <description>D2PAK</description>
      <fields>
        <field name="Footprint">Package_TO_SOT_SMD:TO-263-2</field>
        <field name="Datasheet">http://www.st.com/content/ccc/resource/technical/document/datasheet/41/4f/b3/b0/12/d4/47/88/CD00000444.pdf/files/CD00000444.pdf/jcr:content/translations/en.CD00000444.pdf</field>
        <field name="Description">D2PAK</field>
      </fields>
      <libsource lib="Regulator_Linear" part="L7805" description="Positive 1.5A 35V Linear Regulator, Fixed Output 5V, TO-220/TO-263/TO-252"/>
      <property name="Sheetname" value="Root"/>
      <property name="Sheetfile" value="C:/Users/Aarni/Documents/New folder/Electronics CAD/mainboard.sch"/>
      <property name="ki_keywords" value="Voltage Regulator 1.5A Positive"/>
      <property name="ki_fp_filters" value="TO?252* TO?263* TO?220*"/>
      <sheetpath names="/" tstamps="/"/>
      <tstamps>00000000-0000-0000-0000-00005e94486e</tstamps>
    </comp>
    <comp ref="U2">
      <value>ESP32-DEVKITC</value>
      <footprint>mainboard:ESP32-DEVKITC</footprint>
      <fields>
        <field name="Footprint">mainboard:ESP32-DEVKITC</field>
        <field name="Datasheet"/>
        <field name="Description"/>
      </fields>
      <libsource lib="mainboard-rescue" part="ESP32-DEVKITC-bluerSaab" description=""/>
      <property name="Sheetname" value="Root"/>
      <property name="Sheetfile" value="C:/Users/Aarni/Documents/New folder/Electronics CAD/mainboard.sch"/>
      <sheetpath names="/" tstamps="/"/>
      <tstamps>00000000-0000-0000-0000-00005e944059</tstamps>
    </comp>
    <comp ref="U3">
      <value>L293</value>
      <footprint>Package_DIP:DIP-16_W8.89mm_SMDSocket_LongPads</footprint>
      <datasheet>http://www.ti.com/lit/ds/symlink/l293.pdf</datasheet>
      <fields>
        <field name="Footprint">Package_DIP:DIP-16_W8.89mm_SMDSocket_LongPads</field>
        <field name="Datasheet">http://www.ti.com/lit/ds/symlink/l293.pdf</field>
        <field name="Description"/>
      </fields>
      <libsource lib="mainboard-rescue" part="L293-Driver_Motor" description=""/>
      <property name="Sheetname" value="Root"/>
      <property name="Sheetfile" value="C:/Users/Aarni/Documents/New folder/Electronics CAD/mainboard.sch"/>
      <property name="ki_fp_filters" value="DIP*W7.62mm*"/>
      <sheetpath names="/" tstamps="/"/>
      <tstamps>00000000-0000-0000-0000-00005e94412e</tstamps>
    </comp>
  </components>
  <libparts>
    <libpart lib="Connector" part="Conn_01x19_Socket">
      <description>Generic connector, single row, 01x19, script generated</description>
      <docs>~</docs>
      <footprints>
        <fp>Connector*:*_1x??_*</fp>
      </footprints>
      <fields>
        <field name="Reference">J</field>
        <field name="Value">Conn_01x19_Socket</field>
        <field name="Footprint"/>
        <field name="Datasheet">~</field>
        <field name="Description">Generic connector, single row, 01x19, script generated</field>
      </fields>
      <pins>
        <pin num="1" name="Pin_1" type="passive"/>
        <pin num="2" name="Pin_2" type="passive"/>
        <pin num="3" name="Pin_3" type="passive"/>
        <pin num="4" name="Pin_4" type="passive"/>
        <pin num="5" name="Pin_5" type="passive"/>
        <pin num="6" name="Pin_6" type="passive"/>
        <pin num="7" name="Pin_7" type="passive"/>
        <pin num="8" name="Pin_8" type="passive"/>
        <pin num="9" name="Pin_9" type="passive"/>
        <pin num="10" name="Pin_10" type="passive"/>
        <pin num="11" name="Pin_11" type="passive"/>
        <pin num="12" name="Pin_12" type="passive"/>
        <pin num="13" name="Pin_13" type="passive"/>
        <pin num="14" name="Pin_14" type="passive"/>
        <pin num="15" name="Pin_15" type="passive"/>
        <pin num="16" name="Pin_16" type="passive"/>
        <pin num="17" name="Pin_17" type="passive"/>
        <pin num="18" name="Pin_18" type="passive"/>
        <pin num="19" name="Pin_19" type="passive"/>
      </pins>
    </libpart>
    <libpart lib="Connector_Generic" part="Conn_01x02">
      <description>Generic connector, single row, 01x02, script generated (kicad-library-utils/schlib/autogen/connector/)</description>
      <docs>~</docs>
      <footprints>
        <fp>Connector*:*_1x??_*</fp>
      </footprints>
      <fields>
        <field name="Reference">J</field>
        <field name="Value">Conn_01x02</field>
        <field name="Footprint"/>
        <field name="Datasheet">~</field>
        <field name="Description">Generic connector, single row, 01x02, script generated (kicad-library-utils/schlib/autogen/connector/)</field>
      </fields>
      <pins>
        <pin num="1" name="Pin_1" type="passive"/>
        <pin num="2" name="Pin_2" type="passive"/>
      </pins>
    </libpart>
    <libpart lib="Connector_Generic" part="Conn_01x03">
      <description>Generic connector, single row, 01x03, script generated (kicad-library-utils/schlib/autogen/connector/)</description>
      <docs>~</docs>
      <footprints>
        <fp>Connector*:*_1x??_*</fp>
      </footprints>
      <fields>
        <field name="Reference">J</field>
        <field name="Value">Conn_01x03</field>
        <field name="Footprint"/>
        <field name="Datasheet">~</field>
        <field name="Description">Generic connector, single row, 01x03, script generated (kicad-library-utils/schlib/autogen/connector/)</field>
      </fields>
      <pins>
        <pin num="1" name="Pin_1" type="passive"/>
        <pin num="2" name="Pin_2" type="passive"/>
        <pin num="3" name="Pin_3" type="passive"/>
      </pins>
    </libpart>
    <libpart lib="Device" part="Fuse">
      <description>Fuse</description>
      <docs>~</docs>
      <footprints>
        <fp>*Fuse*</fp>
      </footprints>
      <fields>
        <field name="Reference">F</field>
        <field name="Value">Fuse</field>
        <field name="Footprint"/>
        <field name="Datasheet">~</field>
        <field name="Description">Fuse</field>
      </fields>
      <pins>
        <pin num="1" name="" type="passive"/>
        <pin num="2" name="" type="passive"/>
      </pins>
    </libpart>
    <libpart lib="Device" part="LED">
      <description>Light emitting diode</description>
      <docs>~</docs>
      <footprints>
        <fp>LED*</fp>
        <fp>LED_SMD:*</fp>
        <fp>LED_THT:*</fp>
      </footprints>
      <fields>
        <field name="Reference">D</field>
        <field name="Value">LED</field>
        <field name="Footprint"/>
        <field name="Datasheet">~</field>
        <field name="Description">Light emitting diode</field>
      </fields>
      <pins>
        <pin num="1" name="K" type="passive"/>
        <pin num="2" name="A" type="passive"/>
      </pins>
    </libpart>
    <libpart lib="Device" part="R">
      <description>Resistor</description>
      <docs>~</docs>
      <footprints>
        <fp>R_*</fp>
      </footprints>
      <fields>
        <field name="Reference">R</field>
        <field name="Value">R</field>
        <field name="Footprint"/>
        <field name="Datasheet">~</field>
        <field name="Description">Resistor</field>
      </fields>
      <pins>
        <pin num="1" name="" type="passive"/>
        <pin num="2" name="" type="passive"/>
      </pins>
    </libpart>
    <libpart lib="Regulator_Linear" part="L7805">
      <description>Positive 1.5A 35V Linear Regulator, Fixed Output 5V, TO-220/TO-263/TO-252</description>
      <docs>http://www.st.com/content/ccc/resource/technical/document/datasheet/41/4f/b3/b0/12/d4/47/88/CD00000444.pdf/files/CD00000444.pdf/jcr:content/translations/en.CD00000444.pdf</docs>
      <footprints>
        <fp>TO?252*</fp>
        <fp>TO?263*</fp>
        <fp>TO?220*</fp>
      </footprints>
      <fields>
        <field name="Reference">U</field>
        <field name="Value">L7805</field>
        <field name="Footprint"/>
        <field name="Datasheet">http://www.st.com/content/ccc/resource/technical/document/datasheet/41/4f/b3/b0/12/d4/47/88/CD00000444.pdf/files/CD00000444.pdf/jcr:content/translations/en.CD00000444.pdf</field>
        <field name="Description">Positive 1.5A 35V Linear Regulator, Fixed Output 5V, TO-220/TO-263/TO-252</field>
      </fields>
      <pins>
        <pin num="1" name="IN" type="power_in"/>
        <pin num="2" name="GND" type="power_in"/>
        <pin num="3" name="OUT" type="power_out"/>
      </pins>
    </libpart>
    <libpart lib="Switch" part="SW_DPDT_x2">
      <description>Switch, dual pole double throw, separate symbols</description>
      <docs>~</docs>
      <footprints>
        <fp>SW*DPDT*</fp>
      </footprints>
      <fields>
        <field name="Reference">SW</field>
        <field name="Value">SW_DPDT_x2</field>
        <field name="Footprint"/>
        <field name="Datasheet">~</field>
        <field name="Description">Switch, dual pole double throw, separate symbols</field>
      </fields>
      <pins>
        <pin num="1" name="A" type="passive"/>
        <pin num="2" name="B" type="passive"/>
        <pin num="3" name="C" type="passive"/>
        <pin num="4" name="A" type="passive"/>
        <pin num="5" name="B" type="passive"/>
        <pin num="6" name="C" type="passive"/>
      </pins>
    </libpart>
    <libpart lib="mainboard-rescue" part="CP-Device">
      <footprints>
        <fp>CP_*</fp>
      </footprints>
      <fields>
        <field name="Reference">C</field>
        <field name="Value">Device:CP</field>
        <field name="Footprint"/>
        <field name="Datasheet"/>
        <field name="Description"/>
      </fields>
      <pins>
        <pin num="1" name="" type="passive"/>
        <pin num="2" name="" type="passive"/>
      </pins>
    </libpart>
    <libpart lib="mainboard-rescue" part="ESP32-DEVKITC-bluerSaab">
      <fields>
        <field name="Reference">U</field>
        <field name="Value">bluerSaab:ESP32-DEVKITC</field>
        <field name="Footprint"/>
        <field name="Datasheet"/>
        <field name="Description"/>
      </fields>
      <pins>
        <pin num="1" name="3V3" type="power_in"/>
        <pin num="2" name="EN" type="bidirectional"/>
        <pin num="3" name="SVP" type="bidirectional"/>
        <pin num="4" name="SVN" type="bidirectional"/>
        <pin num="5" name="IO34" type="bidirectional"/>
        <pin num="6" name="IO35" type="bidirectional"/>
        <pin num="7" name="IO32" type="bidirectional"/>
        <pin num="8" name="IO33" type="bidirectional"/>
        <pin num="9" name="IO25" type="bidirectional"/>
        <pin num="10" name="IO26" type="bidirectional"/>
        <pin num="11" name="IO27" type="bidirectional"/>
        <pin num="12" name="IO14" type="bidirectional"/>
        <pin num="13" name="IO12" type="bidirectional"/>
        <pin num="14" name="GND" type="power_in"/>
        <pin num="15" name="IO13" type="bidirectional"/>
        <pin num="16" name="SD2" type="bidirectional"/>
        <pin num="17" name="SD3" type="bidirectional"/>
        <pin num="18" name="CMD" type="bidirectional"/>
        <pin num="19" name="5V" type="power_in"/>
        <pin num="20" name="CLK" type="bidirectional"/>
        <pin num="21" name="SD0" type="bidirectional"/>
        <pin num="22" name="SD1" type="bidirectional"/>
        <pin num="23" name="IO15" type="bidirectional"/>
        <pin num="24" name="IO2" type="bidirectional"/>
        <pin num="25" name="IO0" type="bidirectional"/>
        <pin num="26" name="IO4" type="bidirectional"/>
        <pin num="27" name="IO16" type="bidirectional"/>
        <pin num="28" name="IO17" type="bidirectional"/>
        <pin num="29" name="IO5" type="bidirectional"/>
        <pin num="30" name="IO18" type="bidirectional"/>
        <pin num="31" name="IO19" type="bidirectional"/>
        <pin num="32" name="GND" type="bidirectional"/>
        <pin num="33" name="IO21" type="bidirectional"/>
        <pin num="34" name="RX" type="bidirectional"/>
        <pin num="35" name="TX" type="bidirectional"/>
        <pin num="36" name="IO22" type="bidirectional"/>
        <pin num="37" name="IO23" type="bidirectional"/>
        <pin num="38" name="GND" type="power_in"/>
      </pins>
    </libpart>
    <libpart lib="mainboard-rescue" part="L293-Driver_Motor">
      <footprints>
        <fp>DIP*W7.62mm*</fp>
      </footprints>
      <fields>
        <field name="Reference">U</field>
        <field name="Value">Driver_Motor:L293</field>
        <field name="Footprint">Package_DIP:DIP-16_W7.62mm</field>
        <field name="Datasheet"/>
        <field name="Description"/>
      </fields>
      <pins>
        <pin num="1" name="EN1,2" type="input"/>
        <pin num="2" name="1A" type="input"/>
        <pin num="3" name="1Y" type="output"/>
        <pin num="4" name="GND" type="power_in"/>
        <pin num="5" name="GND" type="power_in"/>
        <pin num="6" name="2Y" type="output"/>
        <pin num="7" name="2A" type="input"/>
        <pin num="8" name="VCC2" type="power_in"/>
        <pin num="9" name="EN3,4" type="input"/>
        <pin num="10" name="3A" type="input"/>
        <pin num="11" name="3A" type="output"/>
        <pin num="12" name="GND" type="power_in"/>
        <pin num="13" name="GND" type="power_in"/>
        <pin num="14" name="4Y" type="output"/>
        <pin num="15" name="4A" type="input"/>
        <pin num="16" name="VCC1" type="power_in"/>
      </pins>
    </libpart>
  </libparts>
  <libraries>
    <library logical="Connector">
      <uri>C:\Program Files\KiCad\8.0\share\kicad\symbols\/Connector.kicad_sym</uri>
    </library>
    <library logical="Connector_Generic">
      <uri>C:\Program Files\KiCad\8.0\share\kicad\symbols\/Connector_Generic.kicad_sym</uri>
    </library>
    <library logical="Device">
      <uri>C:\Program Files\KiCad\8.0\share\kicad\symbols\/Device.kicad_sym</uri>
    </library>
    <library logical="Regulator_Linear">
      <uri>C:\Program Files\KiCad\8.0\share\kicad\symbols\/Regulator_Linear.kicad_sym</uri>
    </library>
    <library logical="Switch">
      <uri>C:\Program Files\KiCad\8.0\share\kicad\symbols\/Switch.kicad_sym</uri>
    </library>
    <library logical="mainboard-rescue">
      <uri>C:\Users\Aarni\Documents\New folder\Electronics CAD/mainboard-rescue.kicad_sym</uri>
    </library>
  </libraries>
  <nets>
    <net code="1" name="/5V">
      <node ref="C2" pin="1" pintype="passive"/>
      <node ref="J4" pin="1" pinfunction="Pin_1" pintype="passive"/>
      <node ref="R1" pin="1" pintype="passive"/>
      <node ref="U1" pin="3" pinfunction="OUT" pintype="power_out"/>
      <node ref="U2" pin="19" pinfunction="5V" pintype="power_in"/>
      <node ref="U3" pin="16" pinfunction="VCC1" pintype="power_in"/>
    </net>
    <net code="2" name="/ACTIVITY_LED">
      <node ref="J5" pin="11" pinfunction="Pin_11" pintype="passive"/>
      <node ref="R4" pin="2" pintype="passive"/>
      <node ref="U2" pin="30" pinfunction="IO18" pintype="bidirectional"/>
    </net>
    <net code="3" name="/GND">
      <node ref="C1" pin="2" pintype="passive"/>
      <node ref="C2" pin="2" pintype="passive"/>
      <node ref="D1" pin="1" pinfunction="K" pintype="passive"/>
      <node ref="D2" pin="1" pinfunction="K" pintype="passive"/>
      <node ref="D3" pin="1" pinfunction="K" pintype="passive"/>
      <node ref="D4" pin="1" pinfunction="K" pintype="passive"/>
      <node ref="J1" pin="3" pinfunction="Pin_3" pintype="passive"/>
      <node ref="J4" pin="6" pinfunction="Pin_6" pintype="passive"/>
      <node ref="J5" pin="13" pinfunction="Pin_13" pintype="passive"/>
      <node ref="J5" pin="19" pinfunction="Pin_19" pintype="passive"/>
      <node ref="R6" pin="2" pintype="passive"/>
      <node ref="U1" pin="2" pinfunction="GND" pintype="power_in"/>
      <node ref="U2" pin="14" pinfunction="GND" pintype="power_in"/>
      <node ref="U2" pin="32" pinfunction="GND" pintype="bidirectional"/>
      <node ref="U2" pin="38" pinfunction="GND" pintype="power_in"/>
      <node ref="U3" pin="12" pinfunction="GND" pintype="power_in"/>
      <node ref="U3" pin="13" pinfunction="GND" pintype="power_in"/>
      <node ref="U3" pin="4" pinfunction="GND" pintype="power_in"/>
      <node ref="U3" pin="5" pinfunction="GND" pintype="power_in"/>
    </net>
    <net code="4" name="/HV">
      <node ref="C1" pin="1" pintype="passive"/>
      <node ref="R5" pin="1" pintype="passive"/>
      <node ref="SW1" pin="3" pinfunction="C" pintype="passive"/>
      <node ref="U1" pin="1" pinfunction="IN" pintype="power_in"/>
      <node ref="U3" pin="8" pinfunction="VCC2" pintype="power_in"/>
    </net>
    <net code="5" name="/MOT_1_DIR_A">
      <node ref="J5" pin="14" pinfunction="Pin_14" pintype="passive"/>
      <node ref="U2" pin="33" pinfunction="IO21" pintype="bidirectional"/>
      <node ref="U3" pin="2" pinfunction="1A" pintype="input"/>
    </net>
    <net code="6" name="/MOT_1_DIR_B">
      <node ref="J5" pin="18" pinfunction="Pin_18" pintype="passive"/>
      <node ref="U2" pin="37" pinfunction="IO23" pintype="bidirectional"/>
      <node ref="U3" pin="7" pinfunction="2A" pintype="input"/>
    </net>
    <net code="7" name="/MOT_1_NEG">
      <node ref="J2" pin="2" pinfunction="Pin_2" pintype="passive"/>
      <node ref="U3" pin="3" pinfunction="1Y" pintype="output"/>
    </net>
    <net code="8" name="/MOT_1_POS">
      <node ref="J2" pin="1" pinfunction="Pin_1" pintype="passive"/>
      <node ref="U3" pin="6" pinfunction="2Y" pintype="output"/>
    </net>
    <net code="9" name="/MOT_2_DIR_A">
      <node ref="J4" pin="12" pinfunction="Pin_12" pintype="passive"/>
      <node ref="U2" pin="8" pinfunction="IO33" pintype="bidirectional"/>
      <node ref="U3" pin="10" pinfunction="3A" pintype="input"/>
    </net>
    <net code="10" name="/MOT_2_DIR_B">
      <node ref="J4" pin="11" pinfunction="Pin_11" pintype="passive"/>
      <node ref="U2" pin="9" pinfunction="IO25" pintype="bidirectional"/>
      <node ref="U3" pin="15" pinfunction="4A" pintype="input"/>
    </net>
    <net code="11" name="/MOT_2_NEG">
      <node ref="J3" pin="2" pinfunction="Pin_2" pintype="passive"/>
      <node ref="U3" pin="11" pinfunction="3A" pintype="output"/>
    </net>
    <net code="12" name="/MOT_2_POS">
      <node ref="J3" pin="1" pinfunction="Pin_1" pintype="passive"/>
      <node ref="U3" pin="14" pinfunction="4Y" pintype="output"/>
    </net>
    <net code="13" name="/PWM_1">
      <node ref="J5" pin="12" pinfunction="Pin_12" pintype="passive"/>
      <node ref="U2" pin="31" pinfunction="IO19" pintype="bidirectional"/>
      <node ref="U3" pin="1" pinfunction="EN1,2" pintype="input"/>
    </net>
    <net code="14" name="/PWM_2">
      <node ref="J4" pin="13" pinfunction="Pin_13" pintype="passive"/>
      <node ref="U2" pin="7" pinfunction="IO32" pintype="bidirectional"/>
      <node ref="U3" pin="9" pinfunction="EN3,4" pintype="input"/>
    </net>
    <net code="15" name="/SERVER_LED">
      <node ref="J5" pin="10" pinfunction="Pin_10" pintype="passive"/>
      <node ref="R3" pin="2" pintype="passive"/>
      <node ref="U2" pin="29" pinfunction="IO5" pintype="bidirectional"/>
    </net>
    <net code="16" name="/V_BATT">
      <node ref="F1" pin="2" pintype="passive"/>
      <node ref="J1" pin="1" pinfunction="Pin_1" pintype="passive"/>
    </net>
    <net code="17" name="/V_SENSE">
      <node ref="J4" pin="14" pinfunction="Pin_14" pintype="passive"/>
      <node ref="R5" pin="2" pintype="passive"/>
      <node ref="R6" pin="1" pintype="passive"/>
      <node ref="U2" pin="6" pinfunction="IO35" pintype="bidirectional"/>
    </net>
    <net code="18" name="/WIFI_LED">
      <node ref="J5" pin="9" pinfunction="Pin_9" pintype="passive"/>
      <node ref="R2" pin="2" pintype="passive"/>
      <node ref="U2" pin="28" pinfunction="IO17" pintype="bidirectional"/>
    </net>
    <net code="19" name="Net-(D1-A)">
      <node ref="D1" pin="2" pinfunction="A" pintype="passive"/>
      <node ref="R1" pin="2" pintype="passive"/>
    </net>
    <net code="20" name="Net-(D2-A)">
      <node ref="D2" pin="2" pinfunction="A" pintype="passive"/>
      <node ref="R2" pin="1" pintype="passive"/>
    </net>
    <net code="21" name="Net-(D3-A)">
      <node ref="D3" pin="2" pinfunction="A" pintype="passive"/>
      <node ref="R3" pin="1" pintype="passive"/>
    </net>
    <net code="22" name="Net-(D4-A)">
      <node ref="D4" pin="2" pinfunction="A" pintype="passive"/>
      <node ref="R4" pin="1" pintype="passive"/>
    </net>
    <net code="23" name="Net-(SW1A-B)">
      <node ref="F1" pin="1" pintype="passive"/>
      <node ref="SW1" pin="2" pinfunction="B" pintype="passive"/>
    </net>
    <net code="24" name="unconnected-(J1-Pin_2-Pad2)">
      <node ref="J1" pin="2" pinfunction="Pin_2" pintype="passive+no_connect"/>
    </net>
    <net code="25" name="unconnected-(J4-Pin_2-Pad2)">
      <node ref="J4" pin="2" pinfunction="Pin_2" pintype="passive"/>
      <node ref="U2" pin="18" pinfunction="CMD" pintype="bidirectional"/>
    </net>
    <net code="26" name="unconnected-(J4-Pin_3-Pad3)">
      <node ref="J4" pin="3" pinfunction="Pin_3" pintype="passive"/>
      <node ref="U2" pin="17" pinfunction="SD3" pintype="bidirectional"/>
    </net>
    <net code="27" name="unconnected-(J4-Pin_4-Pad4)">
      <node ref="J4" pin="4" pinfunction="Pin_4" pintype="passive"/>
      <node ref="U2" pin="16" pinfunction="SD2" pintype="bidirectional"/>
    </net>
    <net code="28" name="unconnected-(J4-Pin_5-Pad5)">
      <node ref="J4" pin="5" pinfunction="Pin_5" pintype="passive"/>
      <node ref="U2" pin="15" pinfunction="IO13" pintype="bidirectional"/>
    </net>
    <net code="29" name="unconnected-(J4-Pin_7-Pad7)">
      <node ref="J4" pin="7" pinfunction="Pin_7" pintype="passive"/>
      <node ref="U2" pin="13" pinfunction="IO12" pintype="bidirectional"/>
    </net>
    <net code="30" name="unconnected-(J4-Pin_8-Pad8)">
      <node ref="J4" pin="8" pinfunction="Pin_8" pintype="passive"/>
      <node ref="U2" pin="12" pinfunction="IO14" pintype="bidirectional"/>
    </net>
    <net code="31" name="unconnected-(J4-Pin_9-Pad9)">
      <node ref="J4" pin="9" pinfunction="Pin_9" pintype="passive"/>
      <node ref="U2" pin="11" pinfunction="IO27" pintype="bidirectional"/>
    </net>
    <net code="32" name="unconnected-(J4-Pin_10-Pad10)">
      <node ref="J4" pin="10" pinfunction="Pin_10" pintype="passive"/>
      <node ref="U2" pin="10" pinfunction="IO26" pintype="bidirectional"/>
    </net>
    <net code="33" name="unconnected-(J4-Pin_15-Pad15)">
      <node ref="J4" pin="15" pinfunction="Pin_15" pintype="passive"/>
      <node ref="U2" pin="5" pinfunction="IO34" pintype="bidirectional"/>
    </net>
    <net code="34" name="unconnected-(J4-Pin_16-Pad16)">
      <node ref="J4" pin="16" pinfunction="Pin_16" pintype="passive"/>
      <node ref="U2" pin="4" pinfunction="SVN" pintype="bidirectional"/>
    </net>
    <net code="35" name="unconnected-(J4-Pin_17-Pad17)">
      <node ref="J4" pin="17" pinfunction="Pin_17" pintype="passive"/>
      <node ref="U2" pin="3" pinfunction="SVP" pintype="bidirectional"/>
    </net>
    <net code="36" name="unconnected-(J4-Pin_18-Pad18)">
      <node ref="J4" pin="18" pinfunction="Pin_18" pintype="passive"/>
      <node ref="U2" pin="2" pinfunction="EN" pintype="bidirectional"/>
    </net>
    <net code="37" name="unconnected-(J4-Pin_19-Pad19)">
      <node ref="J4" pin="19" pinfunction="Pin_19" pintype="passive"/>
      <node ref="U2" pin="1" pinfunction="3V3" pintype="power_in"/>
    </net>
    <net code="38" name="unconnected-(J5-Pin_1-Pad1)">
      <node ref="J5" pin="1" pinfunction="Pin_1" pintype="passive"/>
      <node ref="U2" pin="20" pinfunction="CLK" pintype="bidirectional"/>
    </net>
    <net code="39" name="unconnected-(J5-Pin_2-Pad2)">
      <node ref="J5" pin="2" pinfunction="Pin_2" pintype="passive"/>
      <node ref="U2" pin="21" pinfunction="SD0" pintype="bidirectional"/>
    </net>
    <net code="40" name="unconnected-(J5-Pin_3-Pad3)">
      <node ref="J5" pin="3" pinfunction="Pin_3" pintype="passive"/>
      <node ref="U2" pin="22" pinfunction="SD1" pintype="bidirectional"/>
    </net>
    <net code="41" name="unconnected-(J5-Pin_4-Pad4)">
      <node ref="J5" pin="4" pinfunction="Pin_4" pintype="passive"/>
      <node ref="U2" pin="23" pinfunction="IO15" pintype="bidirectional"/>
    </net>
    <net code="42" name="unconnected-(J5-Pin_5-Pad5)">
      <node ref="J5" pin="5" pinfunction="Pin_5" pintype="passive"/>
      <node ref="U2" pin="24" pinfunction="IO2" pintype="bidirectional"/>
    </net>
    <net code="43" name="unconnected-(J5-Pin_6-Pad6)">
      <node ref="J5" pin="6" pinfunction="Pin_6" pintype="passive"/>
      <node ref="U2" pin="25" pinfunction="IO0" pintype="bidirectional"/>
    </net>
    <net code="44" name="unconnected-(J5-Pin_7-Pad7)">
      <node ref="J5" pin="7" pinfunction="Pin_7" pintype="passive"/>
      <node ref="U2" pin="26" pinfunction="IO4" pintype="bidirectional"/>
    </net>
    <net code="45" name="unconnected-(J5-Pin_8-Pad8)">
      <node ref="J5" pin="8" pinfunction="Pin_8" pintype="passive"/>
      <node ref="U2" pin="27" pinfunction="IO16" pintype="bidirectional"/>
    </net>
    <net code="46" name="unconnected-(J5-Pin_15-Pad15)">
      <node ref="J5" pin="15" pinfunction="Pin_15" pintype="passive"/>
      <node ref="U2" pin="34" pinfunction="RX" pintype="bidirectional"/>
    </net>
    <net code="47" name="unconnected-(J5-Pin_16-Pad16)">
      <node ref="J5" pin="16" pinfunction="Pin_16" pintype="passive"/>
      <node ref="U2" pin="35" pinfunction="TX" pintype="bidirectional"/>
    </net>
    <net code="48" name="unconnected-(J5-Pin_17-Pad17)">
      <node ref="J5" pin="17" pinfunction="Pin_17" pintype="passive"/>
      <node ref="U2" pin="36" pinfunction="IO22" pintype="bidirectional"/>
    </net>
    <net code="49" name="unconnected-(SW1A-A-Pad1)">
      <node ref="SW1" pin="1" pinfunction="A" pintype="passive+no_connect"/>
    </net>
  </nets>
</export>
